,Question,Options,Correct Answer
0,Který svátek slaví Češi i lidé po celém světě 8. března?,"['A) Den matek.', 'B) Den učitelů.', 'C) Mezinárodní den žen.', 'D) Mezinárodní den dětí.']",C
1,Kterou přílohu tradičně jedí Češi ke smaženému kaprovi v mnoha domácnostech na Štědrý večer?,"['A) Rýži.', 'B) Těstoviny.', 'C) Bramborový salát.', 'D) Houskové knedlíky.']",C
2,"Kraslice je vejce, které se barví a zdobí. Kdy ženy a dívky dávají mužům kraslice?","['A) Na Dušičky.', 'B) Na Nový rok.', 'C) Na Štědrý den.', 'D) Na Velikonoce.']",D
3,Který státní svátek se slaví v České republice na podzim?,"['A) Den obnovy samostatného českého státu.', 'B) Den boje za svobodu a demokracii.', 'C) Den upálení mistra Jana Husa.', 'D) Den vítězství.']",B
4,"Velký pátek je svátek, který připomíná smrt Ježíše Krista. Ke kterému svátečnímu období patří Velký pátek?","['A) K Velikonocům.', 'B) K Dušičkám.', 'C) K Vánocům.', 'D) K adventu.']",A
5,"Památce zesnulých se v Česku lidově říká Dušičky. Je to den, kdy se podle české tradice zdobí hroby květinami, rozsvěcují se svíčky a vzpomíná se na zemřelé. Ve kterém období se slaví tento svátek?","['A) Na jaře.', 'B) V létě.', 'C) Na podzim.', 'D) V zimě.']",C
6,Den české státnosti je také svátkem svatého Václava. Kníže Václav z rodu Přemyslovců je patronem Čech a Moravy. Kdy se slaví Den české státnosti?,"['A) V září.', 'B) V říjnu.', 'C) V dubnu.', 'D) V květnu.']",A
7,Který den si Češi obyčejně dávají vánoční dárky?,"['A) 6. ledna.', 'B) 24. prosince.', 'C) 25. prosince.', 'D) 26. prosince.']",B
8,Kdo podle tradice nosí v Česku na Vánoce dárky?,"['A) Mrazík.', 'B) Ježíšek.', 'C) Mikuláš.', 'D) Santa Klaus.']",B
9,Který svátek ukončuje období Vánoc?,"['A) Dušičky.', 'B) Jízda králů.', 'C) Tři králové.', 'D) Svátek sv. Valentýna.']",C
10,Při jízdě osobním autem mají řidič a spolujezdci podle zákona určité povinnosti. Co musí řidič a spolujezdec dodržovat?,"['A) Musí mít zapnuté pásy.', 'B) Musí mít zavřená přední okna.', 'C) Musí mít zamčené přední dveře.', 'D) Musí mít na sobě reflexní vesty.']",A
11,Paní Svobodová jezdí na kole do práce. Ve které situaci porušuje pravidla silničního provozu?,"['A) Jede na kole po chodníku.', 'B) Jede na kole po pravé straně silnice.', 'C) Jede na kole v řadě za svou kolegyní.', 'D) Jede na kole a dává rukou znamení o změně směru jízdy.']",A
12,Pan Svoboda chce řídit osobní automobil. Který typ řidičského průkazu potřebuje?,"['A) Řidičský průkaz skupiny A.', 'B) Řidičský průkaz skupiny B.', 'C) Řidičský průkaz skupiny C.', 'D) Řidičský průkaz skupiny D.']",B
13,Kolik piv s obsahem alkoholu může vypít řidič podle zákona při řízení auta v Česku?,"['A) Tři.', 'B) Dvě.', 'C) Jedno.', 'D) Žádné.']",D
14,Který dopravní prostředek má přednost před chodcem na přechodu?,"['A) Auto.', 'B) Tramvaj.', 'C) Autobus.', 'D) Motocykl.']",B
15,Paní Svobodová si koupila nový automobil. Které pojištění musí podle zákona uzavřít?,"['A) Povinné ručení.', 'B) Životní pojištění.', 'C) Úrazové pojištění.', 'D) Havarijní pojištění.']",A
16,Kdo má povinnost nosit podle zákona oblečení s reflexními prvky?,"['A) Osoba, která jde v noci v obci po chodníku.', 'B) Osoba, která jde ve dne v obci po chodníku.', 'C) Osoba, která jde v noci mimo obec po silnici.', 'D) Osoba, která jde ve dne mimo obec po silnici.']",C
17,Jak musí cestovat v autě dítě menší než 150 cm?,"['A) Dítě musí sedět na klíně dospělé osoby.', 'B) Dítě musí sedět volně na zadním sedadle.', 'C) Dítě musí sedět volně na předním sedadle.', 'D) Dítě musí sedět připoutané v dětské autosedačce.']",D
18,Od kolika let mohou jezdit děti po silnici na kole bez dohledu další osoby?,"['A) Od 3 let.', 'B) Od 6 let.', 'C) Od 10 let.', 'D) Od 18 let.']",C
19,Která z uvedených věcí patří k povinné výbavě osobního automobilu?,"['A) Rádio.', 'B) Lékárnička.', 'C) Destilovaná voda.', 'D) Nádoba na benzin.']",B
20,Paní Novotná vidí požár. Chce zavolat hasiče. Na které z těchto telefonních čísel zavolá?,"['A) 150.', 'B) 155.', 'C) 156.', 'D) 158.']",A
21,Které telefonní číslo má zdravotnická záchranná služba?,"['A) 150.', 'B) 155.', 'C) 156.', 'D) 158.']",B
22,Paní Svobodová není spokojená se svou zdravotní pojišťovnou. Jak často může změnit zdravotní pojišťovnu?,"['A) Jednou za měsíc.', 'B) Jednou za 3 měsíce.', 'C) Jednou za 6 měsíců.', 'D) Jednou za 12 měsíců.']",D
23,"Pan Novák je nemocný. Omylem si smazal SMS s receptem na předepsané léky. Který doklad může pan Novák v lékárně předložit, aby dostal předepsané léky?","['A) Rodný list.', 'B) Řidičský průkaz.', 'C) Očkovací průkaz.', 'D) Občanský průkaz.']",D
24,Která instituce nepatří do integrovaného záchranného systému?,"['A) Vláda České republiky.', 'B) Policie České republiky.', 'C) Hasičský záchranný sbor.', 'D) Zdravotnická záchranná služba.']",A
25,"Které telefonní číslo má jednotný záchranný systém (hasiči, policie, zdravotnická záchranná služba) ve všech státech Evropské unie?","['A) 112.', 'B) 150.', 'C) 911.', 'D) 999.']",A
26,Od roku 2020 vystavují lékaři v České republice pouze elektronické neschopenky (doklad o pracovní neschopnosti). Které instituci lékař posílá elektronickou neschopenku?,"['A) Zdravotní pojišťovně.', 'B) Ministerstvu zdravotnictví.', 'C) Okresní hygienické stanici.', 'D) Okresní správě sociálního zabezpečení.']",D
27,Pan Novák viděl dopravní nehodu. Chce volat Policii České republiky. Které telefonní číslo použije?,"['A) 150.', 'B) 155.', 'C) 156.', 'D) 158.']",D
28,"Pan Novotný je občanem České republiky, je nezaměstnaný a je registrovaný na úřadu práce jako uchazeč o zaměstnání. Kdo platí jeho povinné zdravotní pojištění?","['A) Stát.', 'B) Finanční úřad.', 'C) Platí si ho sám.', 'D) Jeho poslední zaměstnavatel.']",A
29,Pan Svoboda ztratil průkaz pojištěnce zdravotní pojišťovny. Do kolika dnů musí nahlásit ztrátu zdravotní pojišťovně?,"['A) Do jednoho dne.', 'B) Do osmi dnů.', 'C) Do třiceti dnů.', 'D) Do šedesáti dnů.']",B
30,Z čeho se skládá jednotná přijímací zkouška na střední školy?,"['A) Z českého jazyka a dějepisu.', 'B) Z českého jazyka a zeměpisu.', 'C) Z českého jazyka a matematiky.', 'D) Z českého jazyka a anglického jazyka.']",C
31,Která z těchto institucí poskytuje předškolní vzdělávání pro děti?,"['A) Gymnázium.', 'B) Mateřská škola.', 'C) Střední odborná škola.', 'D) Základní umělecká škola.']",B
32,Kolik let trvá v České republice povinná školní docházka?,"['A) 5 let.', 'B) 9 let.', 'C) 12 let.', 'D) 15 let.']",B
33,Kdy mají žáci základních a středních škol v České republice hlavní prázdniny?,"['A) V září a v říjnu.', 'B) V únoru a v březnu.', 'C) V dubnu a v květnu.', 'D) V červenci a v srpnu.']",D
34,Dcera paní Svobodové ukončila studium státní závěrečnou zkouškou a obhájila diplomovou práci. Kterou školu právě ukončila?,"['A) Gymnázium.', 'B) Vysokou školu.', 'C) Obchodní akademii.', 'D) Střední průmyslovou školu.']",B
35,"Manželé Svobodovi mají čtyři děti. Aleně jsou 4 roky, Janovi 10 let, Ivanovi 19 let a Tereze je 21 let. Které z jejich dětí má povinnou školní docházku?","['A) Jan.', 'B) Ivan.', 'C) Alena.', 'D) Tereza.']",A
36,Jana Svobodová vystudovala na lékařské fakultě tříletý obor Všeobecná sestra. Který vysokoškolský titul získala?,"['A) Bc.', 'B) Mgr.', 'C) MgA.', 'D) MUDr.']",A
37,Na které škole získala Ing. Petra Novotná své nejvyšší vzdělání?,"['A) Na střední ekonomické škole.', 'B) Na střední průmyslové škole.', 'C) Na vyšší odborné škole.', 'D) Na vysoké škole.']",D
38,"Jak se jmenují střední školy, které poskytují všeobecné vzdělání?","['A) Gymnázia.', 'B) Obchodní akademie.', 'C) Střední odborná učiliště.', 'D) Střední průmyslové školy.']",A
39,Na které z těchto škol se skládá maturitní zkouška?,"['A) Na střední škole.', 'B) Na vysoké škole.', 'C) Na základní škole.', 'D) Na vyšší odborné škole.']",A
40,Na kterém obrázku je česká státní vlajka?,['A)'],C
41,"Který dokument České republiky popisuje základní pravidla pro rozdělení státní moci na zákonodárnou, výkonnou a soudní?","['A) Ústava.', 'B) Vládní nařízení.', 'C) Vyhláška ministerstva vnitra.', 'D) Listina základních práv a svobod.']",A
42,Která věta o politickém systému České republiky je pravdivá?,"['A) Česká republika je monarchie.', 'B) Česká republika je totalitní stát.', 'C) Česká republika je federativní stát.', 'D) Česká republika je demokratický stát.']",D
43,Která instituce hlasuje o důvěře vlády?,"['A) Senát.', 'B) Ústavní soud.', 'C) Poslanecká sněmovna.', 'D) Nejvyšší kontrolní úřad.']",C
44,Jakým způsobem je možné změnit Ústavu České republiky?,"['A) Občané podají petici.', 'B) Parlament schválí ústavní zákon.', 'C) Ministerstvo vnitra vydá vyhlášku.', 'D) Nejvyšší správní soud vydá rozhodnutí.']",B
45,Kterou z těchto vět začíná česká státní hymna?,"['A) Nad Tatrou se blýská.', 'B) Kde domov můj, kde domov můj?', 'C) Ať mír dál zůstává s touto krajinou.', 'D) Svatý Václave, vévodo české země.']",B
46,"Senát Parlamentu České republiky má mnoho úkolů, projednává například návrhy zákonů. Která část Ústavy ČR popisuje tyto úkoly Senátu?","['A) Část o moci soudní.', 'B) Část o moci výkonné.', 'C) Část o moci zákonodárné.', 'D) Část o územní samosprávě.']",C
47,Které barvy jsou na české státní vlajce?,"['A) Bílá, zelená, modrá.', 'B) Bílá, červená, modrá.', 'C) Bílá, zelená, červená.', 'D) Červená, modrá, zelená.']",B
48,Co nepatří mezi státní symboly České republiky?,"['A) Státní pečeť.', 'B) Státní hymna.', 'C) České korunovační klenoty.', 'D) Vlajka prezidenta republiky.']",C
49,Který státní symbol České republiky je na obrázku?,"['A) Státní vlajka.', 'B) Malý státní znak.', 'C) Velký státní znak.', 'D) Vlajka prezidenta.']",B
50,Která z těchto osob může navrhnout v České republice zákon?,"['A) Prezident republiky.', 'B) Každý poslanec.', 'C) Ústavní soudce.', 'D) Každý občan.']",B
51,Pan Svoboda se chce stát poslancem Poslanecké sněmovny ČR. Kolik let nejdéle může být poslancem v jednom volebním období?,"['A) 2 roky.', 'B) 4 roky.', 'C) 6 roků.', 'D) 8 roků.']",B
52,Kdo se může stát prezidentem České republiky?,"['A) Občan České republiky, který má právo volit a který dosáhl věku 18 let.', 'B) Občan České republiky, který má právo volit a který dosáhl věku 21 let.', 'C) Občan České republiky, který má právo volit a který dosáhl věku 26 let.', 'D) Občan České republiky, který má právo volit a který dosáhl věku 40 let.']",D
53,Právo veta znamená možnost vrátit zákon znovu k projednání Poslanecké sněmovně a nepodepsat jej. Kdo má při schvalování zákonů právo veta?,"['A) Prezident.', 'B) Předseda vlády.', 'C) Předseda Senátu.', 'D) Předseda Ústavního soudu.']",A
54,Které komory tvoří Parlament České republiky?,"['A) Senát a vláda.', 'B) Senát a ministerstva.', 'C) Poslanecká sněmovna a vláda.', 'D) Poslanecká sněmovna a Senát.']",D
55,Senát Parlamentu České republiky dal souhlas ke jmenování ústavního soudce. Kdo následně jmenuje ústavního soudce?,"['A) Prezident.', 'B) Předseda vlády.', 'C) Ministr spravedlnosti.', 'D) Předseda Poslanecké sněmovny.']",A
56,Kolik volených zástupců má Senát České republiky?,"['A) 27.', 'B) 81.', 'C) 200.', 'D) 281.']",B
57,Která z těchto činností je úkolem Poslanecké sněmovny Parlamentu České republiky?,"['A) Poslanecká sněmovna volí prezidenta.', 'B) Poslanecká sněmovna jmenuje soudce.', 'C) Poslanecká sněmovna uděluje státní vyznamenání.', 'D) Poslanecká sněmovna projednává a schvaluje zákony.']",D
58,"Nouzový stav je stav při vážných krizích, haváriích nebo epidemiích. V nouzovém stavu mohou být omezena některá lidská práva a svobody. Která instituce vyhlašuje v České republice nouzový stav?","['A) Senát.', 'B) Vláda.', 'C) Prezident.', 'D) Poslanecká sněmovna.']",B
59,Kdo řídí vládu v České republice?,"['A) Starosta obce.', 'B) Předseda vlády.', 'C) Předseda Senátu.', 'D) Prezident republiky.']",B
60,Pan Novotný určuje výši trestu za trestné činy. Kterou funkci vykonává?,"['A) Funkci soudce.', 'B) Funkci starosty.', 'C) Funkci ministra.', 'D) Funkci prezidenta.']",A
61,Soudní moc vykonávají jménem republiky nezávislé soudy. Který právní dokument popisuje podmínky jmenování soudců v České republice?,"['A) Ústava.', 'B) Trestní řád.', 'C) Notářský řád.', 'D) Občanský soudní řád.']",A
62,"Který z těchto soudů rozhoduje o zrušení zákonů, které neodpovídají Ústavě České republiky?","['A) Vrchní soud.', 'B) Ústavní soud.', 'C) Krajský soud.', 'D) Nejvyšší soud.']",B
63,Která instituce má za úkol chránit bezpečnost osob a majetku a veřejný pořádek?,"['A) Policie České republiky.', 'B) Armáda České republiky.', 'C) Parlament České republiky.', 'D) Ústavní soud České republiky.']",A
64,Pan Novotný pracuje jako advokát. Kterou z těchto činností může dělat?,"['A) Určovat výši trestu za trestné činy.', 'B) Poskytovat placené právní služby.', 'C) Vydávat příkaz k zatčení.', 'D) Zahajovat trestní stíhání.']",B
65,Na které z těchto institucí se podává trestní oznámení?,"['A) Na policii.', 'B) Na okresním soudě.', 'C) Na ministerstvu spravedlnosti.', 'D) Na obecním nebo městském úřadě.']",A
66,Co je úkolem státního zástupce?,"['A) Vymáhat peníze.', 'B) Vyhlašovat rozsudky.', 'C) Zabavovat majetek dlužníkům.', 'D) Podávat obžalobu proti obviněnému.']",D
67,Co je úkolem ombudsmana?,"['A) Poskytovat placené právní služby.', 'B) Rozhodovat o vině a trestu za trestné činy.', 'C) Řešit stížnosti občanů na úřady státní správy.', 'D) Zastupovat obžalovanou osobu v soudním řízení.']",C
68,Paní Svobodová se chce rozvést. Která instituce rozhodne o jejím rozvodu?,"['A) Soud.', 'B) Městský úřad.', 'C) Notářský úřad.', 'D) Státní zastupitelství.']",A
69,Soud odsoudil pana Nováka k 10 letům vězení. Kterým dokumentem vyhlásil soudce vinu a trest?,"['A) Žalobou.', 'B) Zprávou.', 'C) Rozsudkem.', 'D) Oznámením.']",C
70,Do které instituce Evropské unie volí čeští občané své zástupce?,"['A) Do Rady Evropy.', 'B) Do Evropské komise.', 'C) Do Evropského parlamentu.', 'D) Do Evropského soudu pro lidská práva.']",C
71,Jak často se konají řádné volby do obecního zastupitelstva?,"['A) Jednou za dva roky.', 'B) Jednou za tři roky.', 'C) Jednou za čtyři roky.', 'D) Jednou za pět let.']",C
72,Od kolika let se může občan České republiky stát starostou?,"['A) Od 18 let.', 'B) Od 21 let.', 'C) Od 30 let.', 'D) Od 40 let.']",A
73,Pan Svoboda se stal krajským zastupitelem. Krajští zastupitelé zvolili pana Svobodu nejvyšším představitelem kraje. Kterou funkci teď vykonává pan Svoboda?,"['A) Senátor.', 'B) Poslanec.', 'C) Hejtman.', 'D) Primátor.']",C
74,V České republice je 27 statutárních měst včetně Prahy. Kdo je nejvyšším představitelem statutárního města?,"['A) Senátor.', 'B) Hejtman.', 'C) Poslanec.', 'D) Primátor.']",D
75,Koho mohou volit občané do jeho funkce?,"['A) Ministra financí.', 'B) Soudce okresního soudu.', 'C) Senátora Parlamentu České republiky.', 'D) Člena bankovní rady České národní banky.']",C
76,"Občané hlasovali o tom, jestli jejich obecní úřad postaví v obci novou radnici. Jak se jmenuje toto hlasování občanů?","['A) Obecní volby.', 'B) Místní referendum.', 'C) Dotazování občanů.', 'D) Předvolební průzkum.']",B
77,Paní Svobodová kandidovala v senátních volbách a voliči ji zvolili senátorkou už v prvním kole. Kolik procent voličských hlasů získala ve svém volebním obvodě?,"['A) 5 procent.', 'B) 26 procent.', 'C) 39 procent.', 'D) 53 procent.']",D
78,Za jak dlouho od poslední volby prezidenta je další řádný termín prezidentských voleb?,"['A) Za pět let.', 'B) Za šest let.', 'C) Za sedm let.', 'D) Za osm let.']",A
79,Od kolika let se může občan České republiky účastnit voleb jako volič?,"['A) Od 15 let.', 'B) Od 16 let.', 'C) Od 18 let.', 'D) Od 21 let.']",C
80,Která z těchto vět o státním občanství České republiky je pravdivá?,"['A) Státní občanství uděluje ministerstvo zahraničních věcí.', 'B) Státní občanství získá každý, kdo se v České republice narodí.', 'C) Žádost o udělení státního občanství České republiky se musí podat osobně.', 'D) O udělení státního občanství se musí rozhodnout do 30 dnů od podání žádosti.']",C
81,Který úřad vydává občanům České republiky nový občanský průkaz?,"['A) Policie ČR.', 'B) Okresní soud.', 'C) Ministerstvo spravedlnosti.', 'D) Obecní úřad nebo úřad městské části.']",D
82,"Paní Nováková si pořídila psa, a proto musí splnit určité povinnosti. Co paní Nováková ale nemusí udělat?","['A) Zajistit výcvik psa.', 'B) Zajistit čip pro psa.', 'C) Přihlásit psa na obecním úřadě.', 'D) Uhradit škodu, kterou pes způsobil.']",A
83,Ve kterém případě paní Nováková nemusí požádat o nový občanský průkaz?,"['A) Po změně příjmení.', 'B) Po změně zaměstnání.', 'C) Po změně místa trvalého pobytu.', 'D) Po ukončení platnosti občanského průkazu.']",B
84,Kterou službu neposkytuje Czech POINT občanům ČR?,"['A) Výpis z Rejstříku trestů.', 'B) Výpis z bankovního účtu.', 'C) Výpis z katastru nemovitostí.', 'D) Výpis z bodového hodnocení řidiče.']",B
85,Pan Novotný je občanem České republiky a ztratil cestovní pas. Kde může požádat o nový pas?,"['A) Na obecním úřadu.', 'B) U okresního soudu.', 'C) Na cizinecké policii.', 'D) Na ministerstvu zahraničních věcí.']",A
86,"Který z těchto úřadů může vydat potvrzení, že občan nemá záznam o trestu?","['A) Ministerstvo vnitra.', 'B) Rejstřík trestů.', 'C) Finanční úřad.', 'D) Krajský soud.']",B
87,Panu Novotnému je 35 let a platnost jeho občanského průkazu právě končí. Proto si žádá o nový průkaz. Jak dlouho bude panu Novotnému platit jeho nový občanský průkaz?,"['A) 5 let.', 'B) 10 let.', 'C) 20 let.', 'D) 35 let.']",B
88,Paní Svobodová potřebuje svému zaměstnavateli dodat úředně ověřenou kopii svého maturitního vysvědčení. Na kterém místě paní Svobodové kopii maturitního vysvědčení úředně ověří?,"['A) Na okresním soudu.', 'B) Na České školní inspekci.', 'C) Na pobočkách Czech POINT.', 'D) Na každé pobočce České spořitelny.']",C
89,Trestní odpovědnost mají podle zákona také mladistvé osoby. Která z těchto osob patří mezi mladistvé?,"['A) Jana, které je 10 let.', 'B) Martina, které je 14 let.', 'C) David, kterému je 17 let.', 'D) Zdeněk, kterému je 23 let.']",C
90,Paní Svobodové se rozbil nový počítač. Šla jej proto reklamovat. Do kolika dnů musí prodejce vyřídit její reklamaci?,"['A) Do 7 dnů.', 'B) Do 14 dnů.', 'C) Do 30 dnů.', 'D) Do 60 dnů.']",C
91,"Paní Novotná si pronajala byt na dobu neurčitou. Pronajímatel chce, aby zaplatila kauci (peněžní jistotu). Jak vysoká může být kauce podle zákona?","['A) Maximálně ve výši 1 měsíčního nájmu.', 'B) Maximálně ve výši 3 měsíčních nájmů.', 'C) Maximálně ve výši 6 měsíčních nájmů.', 'D) Maximálně ve výši 12 měsíčních nájmů.']",B
92,"Pan Sokol si koupil v e-shopu novou televizi. Do kolika dnů může podle zákona odstoupit od kupní smlouvy, kterou uzavřel po internetu?","['A) Do 14 dnů.', 'B) Do 30 dnů.', 'C) Do 60 dnů.', 'D) Do 90 dnů.']",A
93,Který majetek se zapisuje do katastru nemovitostí?,"['A) Pračka.', 'B) Zahrada.', 'C) Nábytek.', 'D) Motocykl.']",B
94,"Paní Nováková udělila panu Pokornému plnou moc, aby ji mohl zastupovat při jednání na úřadě. Jak se označuje pan Pokorný v plné moci?","['A) Příkazce.', 'B) Poplatník.', 'C) Zmocněnec.', 'D) Opatrovník.']",C
95,Pan Novák chce sepsat svou závěť formou veřejné listiny. U koho si ji může nechat sepsat?,"['A) U notáře.', 'B) U soudce.', 'C) U advokáta.', 'D) U exekutora.']",A
96,"Paní Nováková má velké dluhy. Soud rozhodl, že musí dluhy zaplatit. Kdo smí dluhy vymáhat?","['A) Notář.', 'B) Starosta.', 'C) Policista.', 'D) Exekutor.']",D
97,Paní Nováková koupila pozemek a chce postavit rodinný dům. Potřebuje získat stavební povolení. Který z těchto úřadů jí vydá stavební povolení?,"['A) Finanční úřad.', 'B) Stavební úřad.', 'C) Katastrální úřad.', 'D) Živnostenský úřad.']",B
98,Pan Novák si půjčil lyže z půjčovny lyží. Kterou smlouvu uzavřel pan Novák s půjčovnou?,"['A) Kupní smlouvu na vybavení.', 'B) Smlouvu o úschově vybavení.', 'C) Smlouvu o přepravě vybavení.', 'D) Nájemní smlouvu na vybavení.']",D
99,Pan Novák nemůže splácet úvěry bankám. Chce požádat o vyhlášení osobního bankrotu. Která instituce bude rozhodovat o vyhlášení osobního bankrotu?,"['A) Soud.', 'B) Banka.', 'C) Úřad práce.', 'D) Finanční úřad.']",A
100,Kdo může v České republice uzavřít manželství?,"['A) Svobodná žena a ženatý muž.', 'B) Vdaná žena a rozvedený muž.', 'C) Svobodná žena a svobodná žena.', 'D) Svobodná žena a rozvedený muž.']",D
101,Který z těchto úřadů může ukončit manželství rozvodem?,"['A) Obecní úřad.', 'B) Okresní soud.', 'C) Městská policie.', 'D) Ministerstvo vnitra.']",B
102,Manželé Svobodovi jsou občané České republiky. Chtějí adoptovat dítě z dětského domova. Která instituce rozhoduje o adopci?,"['A) Soud.', 'B) Policie.', 'C) Obecní úřad.', 'D) Ministerstvo vnitra.']",A
103,"Manželé Soukupovi se rozvedli. Soud určil panu Soukupovi finanční částku, kterou musí platit každý měsíc na nezletilou dceru. Jak se tato částka nazývá?","['A) Výživné.', 'B) Přídavek na dítě.', 'C) Sociální příplatek.', 'D) Rodičovský příspěvek.']",A
104,Panu Novákovi zemřela manželka. Kterou listinu mu vydá matriční úřad?,"['A) Rodný list.', 'B) Úmrtní list.', 'C) Oddací list.', 'D) Pamětní list.']",B
105,Paní Horáková ztratila rodný list. Kde musí požádat o vydání nového rodného listu?,"['A) Na policii.', 'B) Na matričním úřadě.', 'C) Na ministerstvu vnitra.', 'D) Na správě sociálního zabezpečení.']",B
106,Paní Nováková změnila po rozvodu příjmení. U které z těchto institucí změnu příjmení oznámila?,"['A) U soudu.', 'B) Na policii.', 'C) Na matričním úřadě.', 'D) Na Českém statistickém úřadě.']",C
107,"Jak se jmenuje dokument, který manželům vydá matriční úřad po uzavření manželství?","['A) Rodný list.', 'B) Oddací list.', 'C) Prohlášení o uzavření manželství.', 'D) Doklad o registrovaném partnerství.']",B
108,Který matriční doklad získá český občan po narození?,"['A) Rodný list.', 'B) Oddací list.', 'C) Cestovní pas.', 'D) Občanský průkaz.']",A
109,"Manželé Novákovi se rozvedli. Jak se jmenuje dokument, který dostanou po rozvodu?","['A) Žaloba.', 'B) Rodný list.', 'C) Rozhodnutí.', 'D) Rozsudek soudu.']",D
110,Která instituce vydává v České republice bankovky a mince?,"['A) Česká hospodářská komora.', 'B) Český statistický úřad.', 'C) Česká národní banka.', 'D) Ministerstvo financí.']",C
111,Na bankovce je známá česká spisovatelka – autorka knihy Babička. Jak se tato žena jmenuje?,"['A) Svatá Ludmila.', 'B) Ema Destinnová.', 'C) Božena Němcová.', 'D) Anežka Přemyslovna.']",C
112,Jak se nazývá měna České republiky?,"['A) Euro.', 'B) Haléř.', 'C) Koruna česká.', 'D) Československá koruna.']",C
113,Na české stokorunové bankovce je slavný český král a římský císař. Jak se tento muž jmenuje?,"['A) Karel IV.', 'B) Rudolf II.', 'C) František Josef I.', 'D) Přemysl Otakar II.']",A
114,Jakou nejvyšší hodnotu má platná česká bankovka?,"['A) 500 korun českých.', 'B) 1 000 korun českých.', 'C) 2 000 korun českých.', 'D) 5 000 korun českých.']",D
115,Jakou nejnižší hodnotu má platná česká bankovka?,"['A) 50 korun českých.', 'B) 100 korun českých.', 'C) 200 korun českých.', 'D) 500 korun českých.']",B
116,"Paní Svobodová si kupuje nové auto za 650 000 korun. Chce zaplatit v hotovosti, ale prodejce nemůže podle zákona tak velkou peněžní částku přijmout. Jakou maximální částku v hotovosti může prodejce přijmout?","['A) 100 000 Kč.', 'B) 270 000 Kč.', 'C) 400 000 Kč.', 'D) 470 000 Kč.']",B
117,"Česká národní banka (ČNB) je centrální banka v ČR, která vykonává dohled nad finančním trhem v zemi. Kdo je nejvyšší představitel České národní banky?","['A) Prezident.', 'B) Guvernér.', 'C) Předseda.', 'D) Ředitel.']",B
118,"Pan Svoboda si chce vyměnit české koruny za eura. Ve směnárně je tato tabule:


měna
počet
nákup
střed
prodej


EUR
1
24 Kč 
24,50 Kč
25 Kč 


BEZ POPLATKŮ


Kolik korun zaplatí pan Svoboda za 100 eur?","['A) 2 400 Kč.', 'B) 2 450 Kč.', 'C) 2 500 Kč.', 'D) 2 450 Kč + 15 % DPH.']",C
119,Jakou nejvyšší hodnotu má platná česká mince?,"['A) 10 korun českých.', 'B) 20 korun českých.', 'C) 50 korun českých.', 'D) 100 korun českých.']",C
120,"Pan Novotný je podnikatel a má ze zákona povinnost platit daně. Který úřad kontroluje, jak platí daně?","['A) Obecní úřad.', 'B) Finanční úřad.', 'C) Katastrální úřad.', 'D) Živnostenský úřad.']",B
121,Celní správa České republiky vybírá cla a spotřební daně a má různé úkoly při ochraně ekonomických zájmů ČR. Pod které ministerstvo Celní správa ČR patří?,"['A) Ministerstvo vnitra.', 'B) Ministerstvo financí.', 'C) Ministerstvo spravedlnosti.', 'D) Ministerstvo pro místní rozvoj.']",B
122,Nepřímé daně jsou součástí ceny výrobků a služeb. Která z těchto daní je nepřímá?,"['A) Silniční daň.', 'B) Spotřební daň.', 'C) Daň z příjmů fyzických osob.', 'D) Daň z příjmů právnických osob.']",B
123,Paní Svobodová si koupila domů novou televizi. Kterou daň musí zaplatit v ceně televize?,"['A) Daň z nemovitých věcí.', 'B) Daň z přidané hodnoty.', 'C) Spotřební daň.', 'D) Daň z příjmů.']",B
124,Na kterém úřadu podává podnikatel daňové přiznání?,"['A) Na obecním úřadu.', 'B) Na finančním úřadu.', 'C) Na ministerstvu financí.', 'D) Na finančním ředitelství.']",B
125,Ze kterého z těchto druhů příjmu zaplatí paní Svobodová daň?,"['A) Z nemocenské.', 'B) Z pronájmu bytu.', 'C) Ze sociálních dávek.', 'D) Z podpory v nezaměstnanosti.']",B
126,"Na účtence za zboží je uvedeno:


Prodejní cena bez daně
10 000 Kč


DPH
2 100 Kč


Prodejní cena s daní
12 100 Kč


Která daň je na účtence uvedena?","['A) Daň z příjmů.', 'B) Daň spotřební.', 'C) Daň ekologická.', 'D) Daň z přidané hodnoty.']",D
127,Co označuje zkratka DPH?,"['A) Daň z příjmů.', 'B) Hrubý domácí produkt.', 'C) Daň z přidané hodnoty.', 'D) Dohodu o provedení práce.']",C
128,Který druh zboží má v ceně spotřební daň?,"['A) Tvrdý alkohol.', 'B) Elektrická energie.', 'C) Sportovní oblečení.', 'D) Elektronická zařízení.']",A
129,Pan Svoboda má zaplatit dluh 2 500 Kč na dani z příjmů. Kterému úřadu dluh zaplatí?,"['A) Úřadu práce.', 'B) Celnímu úřadu.', 'C) Finančnímu úřadu.', 'D) Českému statistickému úřadu.']",C
130,Který úřad poskytuje podporu v nezaměstnanosti?,"['A) Živnostenský úřad.', 'B) Finanční úřad.', 'C) Krajský úřad.', 'D) Úřad práce.']",D
131,Paní Svobodová má nárok na starobní důchod. Která instituce v České republice vydá rozhodnutí o výši jejího důchodu?,"['A) Úřad práce.', 'B) Ministerstvo vnitra.', 'C) Ministerstvo zdravotnictví.', 'D) Česká správa sociálního zabezpečení.']",D
132,Který druh finanční pomoci nevyplácí Česká správa sociálního zabezpečení?,"['A) Mateřskou.', 'B) Nemocenskou.', 'C) Starobní důchod.', 'D) Podporu v nezaměstnanosti.']",D
133,"Pan Novák pracuje ve stavební firmě a v současné době je nemocný. Nedostává mzdu, ale peněžitou dávku. Jak se tato dávka jmenuje?","['A) Ošetřovné.', 'B) Nemocenská.', 'C) Příspěvek na živobytí.', 'D) Podpora v nezaměstnanosti.']",B
134,Panu Veselému je 64 let a dosáhl důchodového věku. Na České správě sociálního zabezpečení si požádal o důchod. Který doklad od něho nebude úřad vyžadovat?,"['A) Doklad o studiu.', 'B) Občanský průkaz.', 'C) Výpis z Rejstříku trestů.', 'D) Doklad o výkonu vojenské služby.']",C
135,Který úřad rozhoduje o přiznání dávek v hmotné nouzi?,"['A) Úřad práce.', 'B) Ministerstvo financí.', 'C) Charita České republiky.', 'D) Česká správa sociálního zabezpečení.']",A
136,"Panu Novákovi je 56 let a je nezaměstnaný. Jaká je nejdelší doba, po kterou může dostávat podporu v nezaměstnanosti?","['A) 6 měsíců.', 'B) 11 měsíců.', 'C) 18 měsíců.', 'D) 24 měsíců.']",B
137,Paní Nováková pracuje jako učitelka na základní škole a čeká své první dítě. Má 3 týdny před porodem. Kterou z těchto peněžitých dávek může dostat před narozením dítěte?,"['A) Porodné.', 'B) Ošetřovné.', 'C) Mateřskou.', 'D) Rodičovskou.']",C
138,Manželům Novotným se narodilo dítě. Na jak dlouho si podle zákona může vzít pan Novotný otcovskou dovolenou?,"['A) Na 5 dní.', 'B) Na 14 dní.', 'C) Na 31 dní.', 'D) Na 60 dní.']",B
139,Paní Nováková byla v evidenci nezaměstnaných na úřadu práce. Včera začala pracovat. Kterým z těchto způsobů ukončí své zařazení v evidenci nezaměstnaných?,"['A) Nemusí dělat nic.', 'B) Informuje o nové práci úřad práce.', 'C) Informuje o nové práci finanční úřad.', 'D) Oznámí vyřazení z evidence novému zaměstnavateli.']",B
140,Paní Novotná dává výpověď ze svého pracovního poměru. Jaká je délka výpovědní doby podle zákona?,"['A) Nejvíce 3 dny.', 'B) Nejvíce 15 dnů.', 'C) Nejméně 1 měsíc.', 'D) Nejméně 2 měsíce.']",D
141,Výpovědní doba se počítá ode dne doručení výpovědi. Jak dlouhá je výpovědní doba u dohody o pracovní činnosti (DPČ)?,"['A) 15 dní.', 'B) 30 dní.', 'C) 60 dní.', 'D) 90 dní.']",A
142,Který z těchto údajů musí být podle zákona v každém případě v pracovní smlouvě?,"['A) Pracovní doba.', 'B) Počet dnů dovolené.', 'C) Místo výkonu práce.', 'D) Termín výplaty mzdy.']",C
143,Paní Svobodová pracuje od 1. ledna jako zahradnice. S majitelem zahradnictví podepsala dohodu o provedení práce (DPP). Kolik hodin může odpracovat v tomto zahradnictví v jednom kalendářním roce?,"['A) Maximálně 150 hodin.', 'B) Maximálně 200 hodin.', 'C) Maximálně 250 hodin.', 'D) Maximálně 300 hodin.']",D
144,Pan Novák má zaměstnání na plný pracovní úvazek. Kolik hodin týdně musí podle zákona pracovat?,"['A) 35 hodin.', 'B) 40 hodin.', 'C) 45 hodin.', 'D) 50 hodin.']",B
145,Který zákon nebo zákoník upravuje vztah mezi zaměstnavatelem a zaměstnancem?,"['A) Živnostenský zákon.', 'B) Trestní zákoník.', 'C) Zákon o rodině.', 'D) Zákoník práce.']",D
146,"Pan Novák uzavřel s firmou Stavby, s. r. o., pracovní poměr na dobu určitou. Jakou nejdelší dobu může trvat tento nový pracovní poměr bez prodloužení?","['A) Jeden rok.', 'B) Dva roky.', 'C) Tři roky.', 'D) Čtyři roky.']",C
147,Paní Nováková má nové zaměstnání. Bude pracovat jako prodavačka. Získala pracovní smlouvu na dobu neurčitou s maximální zkušební dobou. Jaká bude podle zákona délka zkušební doby paní Novákové?,"['A) 3 měsíce.', 'B) 6 měsíců.', 'C) 9 měsíců.', 'D) 12 měsíců.']",A
148,Jaká je podle zákona délka týdenní pracovní doby v České republice?,"['A) 24 hodin.', 'B) 32 hodin.', 'C) 40 hodin.', 'D) 56 hodin.']",C
149,Jaká je výměra dovolené pro zaměstnance podle zákona?,"['A) Nejméně 2 týdny za kalendářní rok.', 'B) Nejméně 4 týdny za kalendářní rok.', 'C) Nejméně 6 týdnů za kalendářní rok.', 'D) Nejméně 8 týdnů za kalendářní rok.']",B
150,Pan Novák je osoba samostatně výdělečně činná (OSVČ). Jak se nazývají jeho příjmy?,"['A) Příjmy z důchodového připojištění.', 'B) Příjmy ze samostatné činnosti.', 'C) Příjmy ze závislé činnosti.', 'D) Příjmy z pronájmu bytu.']",B
151,Která práce není živnost?,"['A) Policejní služba.', 'B) Kadeřnické služby.', 'C) Průvodcovské služby.', 'D) Služby soukromého detektiva.']",A
152,Podnikatel založil firmu. Ke které z uvedených daní se musel zaregistrovat na finančním úřadě?,"['A) K dani z příjmů.', 'B) K dani spotřební.', 'C) K dani z nemovitosti.', 'D) K dani z přidané hodnoty.']",A
153,Které pojištění musí zaměstnavatel v České republice platit za své zaměstnance?,"['A) Životní pojištění.', 'B) Havarijní pojištění.', 'C) Zdravotní pojištění.', 'D) Důchodové připojištění.']",C
154,Pan Novák je majitelem obchodu s oděvy. Který úřad vydal panu Novákovi povolení k podnikání?,"['A) Okresní soud.', 'B) Finanční úřad.', 'C) Živnostenský úřad.', 'D) Ministerstvo práce a sociálních věcí.']",C
155,"Pan Malý se rozhodl podnikat jako malíř pokojů. Na úřadě požádal, aby mu vydali živnostenské oprávnění. Kolik zaplatí za ohlášení živnosti?","['A) 1 000 korun.', 'B) 5 000 korun.', 'C) 10 000 korun.', 'D) 15 000 korun.']",A
156,V obchodním rejstříku jsou informace o podnikatelích na území České republiky a je přístupný veřejnosti v online podobě. Která instituce zveřejňuje obchodní rejstřík v České republice?,"['A) Ministerstvo vnitra ČR.', 'B) Ministerstvo financí ČR.', 'C) Ministerstvo spravedlnosti ČR.', 'D) Ministerstvo průmyslu a obchodu ČR.']",C
157,Co nepatří mezi činnosti živnostenského úřadu?,"['A) Přijímat ohlášení živností.', 'B) Přijímat žádosti o koncesi.', 'C) Přijímat daňová přiznání podnikatelů.', 'D) Vydávat výpisy z živnostenského rejstříku.']",C
158,Pan Horák je truhlář a podniká jako osoba samostatně výdělečně činná (OSVČ). Které z těchto pojištění si musí pan Horák platit?,"['A) Pojištění majetku.', 'B) Zdravotní pojištění.', 'C) Nemocenské pojištění.', 'D) Pojištění odpovědnosti podnikatelů.']",B
159,Který z těchto dokumentů potřebuje občan k vykonávání volné živnosti?,"['A) Rodný list.', 'B) Výuční list.', 'C) Daňové přiznání.', 'D) Výpis ze živnostenského rejstříku.']",D
160,Jaké je mezinárodní postavení České republiky?,"['A) Je závislým územím Evropské unie.', 'B) Je součástí státu Rakousko-Uhersko.', 'C) Je jednou z částí federace Evropská unie.', 'D) Je nezávislou republikou a je členem Evropské unie.']",D
161,Česko se nachází v hlavním evropském rozvodí. Odtéká z něj voda řekami do tří moří. Do kterého moře se vlévá řeka Labe?,"['A) Do Černého moře.', 'B) Do Severního moře.', 'C) Do Baltského moře.', 'D) Do Jaderského moře.']",B
162,Kde pramení řeka Labe?,"['A) V Orlických horách.', 'B) V Krušných horách.', 'C) V Krkonoších.', 'D) Na Šumavě.']",C
163,Polabská nížina je největší nížina v Česku. Které číslo na mapě označuje Polabskou nížinu?,"['A) 1.', 'B) 2.', 'C) 3.', 'D) 4.']",A
164,Jaká je přibližně rozloha Česka?,"['A) 39 000 km2.', 'B) 79 000 km2.', 'C) 119 000 km2.', 'D) 159 000 km2.']",B
165,Která dvojice krajů se nachází ve východních Čechách?,"['A) Liberecký kraj a Ústecký kraj.', 'B) Ústecký kraj a Karlovarský kraj.', 'C) Plzeňský kraj a Karlovarský kraj.', 'D) Královéhradecký kraj a Pardubický kraj.']",D
166,Ve kterém klimatickém pásu se nachází Česká republika?,"['A) V mírném.', 'B) V polárním.', 'C) V tropickém.', 'D) V subtropickém.']",A
167,Nejvyšší hora Moravy se nachází v pohoří Hrubý Jeseník. Jak se tato hora jmenuje?,"['A) Plechý.', 'B) Praděd.', 'C) Sněžka.', 'D) Klínovec.']",B
168,Které státy sousedí s Českem?,"['A) Maďarsko, Německo, Rakousko, Ukrajina.', 'B) Maďarsko, Polsko, Rakousko, Slovensko.', 'C) Německo, Polsko, Rakousko, Slovensko.', 'D) Německo, Polsko, Ukrajina, Slovensko.']",C
169,Nejvyšší hora v České republice je Sněžka. Jakou má přibližně nadmořskou výšku?,"['A) 800 metrů nad mořem.', 'B) 1 600 metrů nad mořem.', 'C) 2 400 metrů nad mořem.', 'D) 3 200 metrů nad mořem.']",B
170,Kladruby nad Labem a okolní krajina byly v roce 2019 zapsány na seznam světového dědictví UNESCO. Čím je tato obec a její okolí známá?,"['A) Chovem koní.', 'B) Těžbou stříbra.', 'C) Bukovými lesy.', 'D) Termálními prameny.']",A
171,Který národní park leží na Moravě?,"['A) Národní park Podyjí.', 'B) Národní park Šumava.', 'C) Krkonošský národní park.', 'D) Národní park České Švýcarsko.']",A
172,V Česku se nachází několik významných center zimních sportů. Které z těchto míst je známé jako centrum zimních sportů?,"['A) Most.', 'B) Třeboň.', 'C) Poděbrady.', 'D) Špindlerův Mlýn.']",D
173,Jizerskohorské bučiny jsou od roku 2021 na seznamu světového dědictví UNESCO. Které číslo na mapě označuje tuto přírodní památku?,"['A) 1.', 'B) 2.', 'C) 3.', 'D) 4.']",C
174,"Orlík je přehrada, která zadržuje v Česku nejvíce vody. Jak se jmenuje řeka, na které se přehrada Orlík nachází?","['A) Labe.', 'B) Vltava.', 'C) Sázava.', 'D) Morava.']",B
175,Památná hora Čechů se nachází v Ústeckém kraji blízko Roudnice nad Labem. Jak se tato hora jmenuje?,"['A) Medvědín.', 'B) Klínovec.', 'C) Praděd.', 'D) Říp.']",D
176,V roce 2019 byla na seznam památek UNESCO zapsána hornická kulturní krajina Krušnohoří. Které číslo na mapě označuje tento region?,"['A) 1.', 'B) 2.', 'C) 3.', 'D) 4.']",B
177,Které město zapsané na seznamu UNESCO leží v jižních Čechách?,"['A) Třebíč.', 'B) Kroměříž.', 'C) Kutná Hora.', 'D) Český Krumlov.']",D
178,Jak se jmenuje nejvyšší pohoří na Moravě?,"['A) Krušné hory.', 'B) Krkonoše.', 'C) Jeseníky.', 'D) Šumava.']",C
179,Které lázeňské město se nachází ve středních Čechách?,"['A) Poděbrady.', 'B) Luhačovice.', 'C) Karlovy Vary.', 'D) Mariánské Lázně.']",A
180,Ve kterém městě sídlí Západočeská univerzita (ZČU)?,"['A) V Plzni.', 'B) V Ústí nad Labem.', 'C) V Karlových Varech.', 'D) V Českých Budějovicích.']",A
181,Jak se jmenuje největší letiště v České republice?,"['A) Praha-Kbely.', 'B) Brno-Tuřany.', 'C) Letiště Karlovy Vary.', 'D) Letiště Václava Havla Praha.']",D
182,"Kateřinu přijali ke studiu na Univerzitě Palackého, která je nejstarší univerzitou na Moravě. Ve městě, kde bude studovat, je také památka UNESCO – sloup Nejsvětější Trojice. Ve kterém městě bude Kateřina studovat?","['A) Ve Zlíně.', 'B) V Jihlavě.', 'C) V Olomouci.', 'D) V Pardubicích.']",C
183,"Kladno, Příbram a Mladá Boleslav jsou města, která se nacházejí v největším kraji České republiky. Ve kterém kraji se tato města nacházejí?","['A) V Ústeckém kraji.', 'B) Ve Zlínském kraji.', 'C) Ve Středočeském kraji.', 'D) V Jihomoravském kraji.']",C
184,Které město je centrem Moravskoslezského kraje?,"['A) Třebíč.', 'B) Jihlava.', 'C) Ostrava.', 'D) Pardubice.']",C
185,Které číslo na mapě označuje Olomoucký kraj?,"['A) 1.', 'B) 2.', 'C) 3.', 'D) 4.']",C
186,Perník je tradiční české pečivo s medem a kořením. Které město je slavné díky výrobě perníku?,"['A) Hořice.', 'B) Pardubice.', 'C) Karlovy Vary.', 'D) Mariánské Lázně.']",B
187,Univerzita Tomáše Bati se jmenuje po významném podnikateli a zakladateli obuvnické firmy. Ve kterém krajském městě tato univerzita sídlí?,"['A) V Brně.', 'B) Ve Zlíně.', 'C) V Ostravě.', 'D) V Pardubicích.']",B
188,Jihlava je krajské město a leží blízko dálnice D1. Ve kterém kraji je město Jihlava?,"['A) V Kraji Vysočina.', 'B) V Pardubickém kraji.', 'C) Ve Středočeském kraji.', 'D) V Moravskoslezském kraji.']",A
189,Pan Novák jede autem na služební cestu z Prahy do Děčína. Použije dálnici D8. Kolem kterého krajského města musí do Děčína projet?,"['A) Kolem Brna.', 'B) Kolem Pardubic.', 'C) Kolem Ústí nad Labem.', 'D) Kolem Českých Budějovic.']",C
190,Česko má bohaté zásoby podzemních minerálních vod. Pramen minerální vody Vincentka se nachází v lázních Luhačovice. Které číslo na mapě označuje město Luhačovice?,"['A) 1.', 'B) 2.', 'C) 3.', 'D) 4.']",C
191,Který národní park leží u hranice Česka s Polskem?,"['A) Národní park Podyjí.', 'B) Šumavský národní park.', 'C) Krkonošský národní park.', 'D) Národní park České Švýcarsko.']",C
192,Třídění odpadu pomáhá chránit životní prostředí. Kterou barvu má kontejner na papír?,"['A) Bílou.', 'B) Žlutou.', 'C) Modrou.', 'D) Zelenou.']",C
193,Černé a Čertovo jezero jsou největšími přírodními jezery v České republice. Nacházejí se na Šumavě. Které číslo na mapě označuje tuto oblast?,"['A) 1.', 'B) 2.', 'C) 3.', 'D) 4.']",C
194,Tříděný odpad se ukládá do barevných kontejnerů. Co nepatří do žlutého kontejneru?,"['A) Igelitové tašky.', 'B) Plastové nádobí.', 'C) PET láhve od nápojů.', 'D) Skleněné láhve od nápojů.']",D
195,Pan Svoboda třídí odpad. Co dává do modrého kontejneru?,"['A) Sklo.', 'B) Papír.', 'C) Plasty.', 'D) Bioodpad.']",B
196,Nejmenší národní park České republiky je Národní park Podyjí. Nachází se v povodí moravské řeky Dyje. Které číslo na mapě označuje tento národní park?,"['A) 1.', 'B) 2.', 'C) 3.', 'D) 4.']",C
197,Jeden ze čtyř národních parků Česka je známý skálami a Pravčickou bránou. Který národní park to je?,"['A) Národní park Podyjí.', 'B) Národní park Šumava.', 'C) Krkonošský národní park.', 'D) Národní park České Švýcarsko.']",D
198,Tříděný odpad se ukládá do barevných kontejnerů. Co patří do zeleného kontejneru?,"['A) Skleněné láhve.', 'B) Noviny a časopisy.', 'C) PET láhve od nápojů.', 'D) Použité elektrické přístroje.']",A
199,V Česku se nacházejí čtyři území s nejvyšším stupněm ochrany přírody. Jak se tato území nazývají?,"['A) Národní parky.', 'B) Přírodní rezervace.', 'C) Chráněné krajinné oblasti.', 'D) Ochranná pásma vodního zdroje.']",A
200,Kolik obyvatel má přibližně Česká republika?,"['A) 5,9 milionu.', 'B) 10,9 milionu.', 'C) 15,9 milionu.', 'D) 20,9 milionu.']",B
201,"Národnostní menšinou je skupina občanů České republiky, kteří se hlásí k jiné než české národnosti. Kdo tvoří největší národnostní menšinu v Česku?","['A) Poláci.', 'B) Němci.', 'C) Slováci.', 'D) Vietnamci.']",C
202,Kulturní region Haná je významnou zemědělskou oblastí a je známý lidovými zvyky. Které krajské město je centrem kulturního regionu Haná?,"['A) Ostrava.', 'B) Olomouc.', 'C) Hradec Králové.', 'D) České Budějovice.']",B
203,Která televize má podle zákona za úkol produkovat a vysílat vzdělávací programy a programy pro děti?,"['A) Česká televize.', 'B) Televize Nova.', 'C) Televize Prima.', 'D) Televize Barrandov.']",A
204,Kolik obyvatel má hlavní město Praha?,"['A) Přibližně 500 000.', 'B) Přibližně 1 400 000.', 'C) Přibližně  6 500 000.', 'D) Přibližně  10 900 000.']",B
205,"Toto město bylo a je historickým centrem českého Slezska. Nachází se zde Slezská univerzita, Slezské zemské muzeum i Slezské divadlo. Jak se město jmenuje?","['A) Brno.', 'B) Opava.', 'C) Jihlava.', 'D) Kroměříž.']",B
206,Které náboženství je v Česku nejrozšířenější?,"['A) Islám.', 'B) Judaismus.', 'C) Křesťanství.', 'D) Buddhismus.']",C
207,Chodsko je jedním z českých regionů s bohatými lidovými tradicemi a kroji. Chodsko se také proslavilo koláči a keramikou. Které číslo na mapě označuje chodský region?,"['A) 1.', 'B) 2.', 'C) 3.', 'D) 4.']",A
208,Které tvrzení odpovídá postavení žen v české společnosti?,"['A) Ženy nepracují v justici.', 'B) Ženy nepracují v armádě.', 'C) Ženy mají stejná práva jako muži.', 'D) Ženy mají omezené volební právo.']",C
209,Brno je největším městem Moravy a také druhým největším městem České republiky. Kolik obyvatel přibližně žije v Brně?,"['A) 100 000.', 'B) 400 000.', 'C) 720 000.', 'D) 1 360 000.']",B
210,Ve kterém kraji je atomová elektrárna Temelín?,"['A) V Ústeckém kraji.', 'B) V Jihočeském kraji.', 'C) V Jihomoravském kraji.', 'D) V Moravskoslezském kraji.']",B
211,Která z těchto měst spojuje dálnice D1?,"['A) Prahu a Pardubice.', 'B) Prahu a Liberec.', 'C) Prahu a Plzeň.', 'D) Prahu a Brno.']",D
212,"Jak se jmenuje slavný český podnik, který vyrábí klavíry?","['A) Amati.', 'B) Petrof.', 'C) Moser.', 'D) Koh-i-noor.']",B
213,V Kopřivnici se vyrábí nákladní automobily tradiční značky. Jak se tato značka jmenuje?,"['A) Tatra.', 'B) Zetor.', 'C) Škoda.', 'D) Karosa.']",A
214,Který pivovar vyrábí pivo značky Pilsner Urquell?,"['A) Starobrno.', 'B) Staropramen.', 'C) Plzeňský Prazdroj.', 'D) Budějovický Budvar.']",C
215,Značka Kofola patří od 60. let 20. století mezi tradiční české značky. Které výrobky mají označení Kofola?,"['A) Mléčné výrobky.', 'B) Sportovní oblečení.', 'C) Alkoholické nápoje.', 'D) Nealkoholické nápoje.']",D
216,Z Prahy do Ostravy vede nejdůležitější železniční trať v Česku. Kterým z těchto měst tato železniční trať prochází?,"['A) Brno.', 'B) Jihlava.', 'C) Liberec.', 'D) Olomouc.']",D
217,Které elektrárny vyrábí nejvíce elektrické energie v České republice?,"['A) Vodní.', 'B) Větrné.', 'C) Uhelné.', 'D) Solární.']",C
218,Která značka osobních automobilů se vyrábí ve městě Mladá Boleslav?,"['A) Hyundai.', 'B) Peugeot.', 'C) Škoda.', 'D) Tatra.']",C
219,Tradiční českou značkou je Becherovka. Ve kterém městě se tento alkoholický nápoj vyrábí?,"['A) V Plzni.', 'B) V Praze.', 'C) V Karlových Varech.', 'D) V Českých Budějovicích.']",C
220,"Jak se jmenuje mezinárodní vojenská organizace, která zajišťuje bezpečnost České republiky?","['A) NATO.', 'B) CEFTA.', 'C) Evropská unie.', 'D) Varšavská smlouva.']",A
221,Česká republika je členem Evropské unie. Které z těchto měst je sídlem hlavních orgánů Evropské unie?,"['A) Řím.', 'B) Paříž.', 'C) Brusel.', 'D) Londýn.']",C
222,V roce 2004 vstoupily do Evropské unie státy tzv. Visegrádské skupiny. Které čtyři státy tuto skupinu tvoří?,"['A) Česko, Polsko, Rakousko, Slovinsko.', 'B) Česko, Slovensko, Polsko, Německo.', 'C) Česko, Slovensko, Maďarsko, Polsko.', 'D) Česko, Slovensko, Maďarsko, Rakousko.']",C
223,Které město je sídlem Evropského soudu pro lidská práva?,"['A) Haag.', 'B) Brusel.', 'C) Štrasburk.', 'D) Lucemburk.']",C
224,V roce 2007 Česko vstoupilo do schengenského prostoru. Do které z těchto zemí může český občan cestovat bez kontroly na hranicích?,"['A) Do Turecka.', 'B) Do Německa.', 'C) Do Velké Británie.', 'D) Do Spojených států amerických.']",B
225,Evropskou unii nyní tvoří 27 států. Který stát vystoupil v roce 2020 z Evropské unie?,"['A) Česko.', 'B) Řecko.', 'C) Dánsko.', 'D) Velká Británie.']",D
226,"Jaké právo mají v Evropské unii její občané, a tedy i občané České republiky?","['A) Právo volit předsedu Evropské komise.', 'B) Právo volit poslance Evropského parlamentu.', 'C) Právo volit eurokomisaře za jednotlivé členské státy.', 'D) Právo hlasovat o přijímání nových států do Evropské unie.']",B
227,Evropská komise je výkonný orgán Evropské unie a řídí její politiku. Kolik zástupců má Česko v Evropské komisi?,"['A) 1.', 'B) 21.', 'C) 81.', 'D) 200.']",A
228,Česká republika je členem NATO. Které město je sídlem této organizace?,"['A) Paříž.', 'B) Brusel.', 'C) Ženeva.', 'D) Štrasburk.']",B
229,Vlajku Evropské unie tvoří skupina hvězd na modrém poli. Kolik hvězd je na vlajce EU?,"['A) 6.', 'B) 12.', 'C) 27.', 'D) 44.']",B
230,Kdo podle pověsti vystoupil na horu Říp?,"['A) Praotec Čech.', 'B) Přemysl Oráč.', 'C) Kněžna Libuše.', 'D) Vladyka Horymír.']",A
231,Která bitva ukončila v roce 1434 husitské náboženské války?,"['A) Bitva u Lipan.', 'B) Bitva u Slavkova.', 'C) Bitva na Bílé hoře.', 'D) Bitva na Moravském poli.']",A
232,Jan Žižka má jezdeckou sochu na vrchu Vítkově v Praze. Kdo byl Jan Žižka?,"['A) Český král.', 'B) Katolický kněz.', 'C) Husitský bojovník.', 'D) Renesanční umělec.']",C
233,"Jak se podle pověstí jmenuje kněžna, která předpověděla slávu Prahy?","['A) Šárka.', 'B) Vlasta.', 'C) Libuše.', 'D) Ludmila.']",C
234,"Jak se jmenovali bratři, kteří šířili křesťanství na Velké Moravě?","['A) Cyril a Metoděj.', 'B) Jaromír a Oldřich.', 'C) Václav a Boleslav.', 'D) Spytihněv a Vratislav.']",A
235,"Jak se jmenoval první český rod knížat a králů, ke kterému patřil i svatý Václav?","['A) Jagellonci.', 'B) Přemyslovci.', 'C) Habsburkové.', 'D) Lucemburkové.']",B
236,Kdo byl mistr Jan Hus?,"['A) Český král.', 'B) Český lékař.', 'C) Český cestovatel.', 'D) Český reformátor církve.']",D
237,Ze kterého rodu byl slavný český král a římský císař Karel IV.?,"['A) Z rodu Jagellonců.', 'B) Z rodu Habsburků.', 'C) Z rodu Lucemburků.', 'D) Z rodu Přemyslovců.']",C
238,Kdo založil první českou univerzitu?,"['A) Karel  IV.', 'B) Jiří z Poděbrad.', 'C) Přemysl Otakar II.', 'D) Vladislav Jagellonský.']",A
239,Dcera krále Přemysla Otakara I. založila ve 13. století v Praze klášter a pečovala o nemocné a chudé. V roce 1989 ji papež prohlásil za svatou. Jak se tato žena jmenovala?,"['A) Alžběta.', 'B) Anežka.', 'C) Hedvika.', 'D) Markéta.']",B
240,"Na přelomu 16. a 17. století se Praha stala kulturním centrem Evropy. Jak se jmenoval panovník, který tehdy v Čechách vládl?","['A) Rudolf II.', 'B) Václav II.', 'C) František II.', 'D) Ferdinand II.']",A
241,Který rod začal vládnout Českému království v roce 1526 a vládl až do roku 1918?,"['A) Jagellonci.', 'B) Přemyslovci.', 'C) Habsburkové.', 'D) Lucemburkové.']",C
242,"V roce 1618 se čeští nekatoličtí šlechtici postavili proti císaři. Tato událost začala válku, která se rozšířila téměř po celé Evropě. Jak se tato válka jmenuje?","['A) Zimní válka.', 'B) Třicetiletá válka.', 'C) Prusko-rakouská válka.', 'D) Válka o rakouské dědictví.']",B
243,"Ve kterém městě se odehrává pověst o Golemovi, kterého stvořil rabi Löw?","['A) V Plzni.', 'B) V Praze.', 'C) V Jihlavě.', 'D) V Ostravě.']",B
244,"V České republice se 28. března slaví Den učitelů a připomíná se narození ""učitele národů"". Koho Češi považují za ""učitele národů""?","['A) Jana Amose Komenského.', 'B) Karla Havlíčka Borovského.', 'C) Tomáše Garrigua Masaryka.', 'D) Františka Ladislava Čelakovského.']",A
245,"Jak se jmenovala slavná císařovna, která vládla v českých zemích v 18. století?","['A) Marie Terezie.', 'B) Marie Antoinetta.', 'C) Kunhuta Uherská.', 'D) Eliška Přemyslovna.']",A
246,České země byly od roku 1867 součástí Rakouska-Uherska. Kdy přestalo existovat Rakousko-Uhersko?,"['A) V roce 1914.', 'B) V roce 1918.', 'C) V roce 1938.', 'D) V roce 1948.']",B
247,Jak se říká rozvoji české kultury v 19. století?,"['A) Jaro národů.', 'B) Normalizace.', 'C) Národní obrození.', 'D) Sametová revoluce.']",C
248,"V roce 1618 se protestanté v českých zemích vzbouřili proti císaři, ale o dva roky později byli poraženi. Ve které bitvě císař porazil tyto protestanty?","['A) U Lipan.', 'B) Na Vítkově.', 'C) Na Bílé hoře.', 'D) Na Moravském poli.']",C
249,Který panovník zavedl v českých zemích povinnou školní docházku pro děti?,"['A) Josef II.', 'B) Rudolf II.', 'C) Marie Terezie.', 'D) František Josef I.']",C
250,"Co pro Československo znamenala mnichovská dohoda, kterou podepsalo Německo a další tři státy v září 1938?","['A) Začátek války.', 'B) Obsazení Prahy.', 'C) Ztrátu pohraničí.', 'D) Ztrátu Slovenska.']",C
251,"Jak se jmenovala jedna z českých obcí, kterou Němci po atentátu na Reinharda Heydricha v roce 1942 zcela zničili?","['A) Lidice.', 'B) Stadice.', 'C) Hrusice.', 'D) Věstonice.']",A
252,"Jak se jmenoval československý prezident, který žil za 2. světové války ve Velké Británii?","['A) Edvard Beneš.', 'B) Klement Gottwald.', 'C) Antonín Zápotocký.', 'D) Tomáš Garrigue Masaryk.']",A
253,Které velké armády osvobodily území Československa v roce 1945?,"['A) Americká a anglická.', 'B) Americká a sovětská.', 'C) Americká a kanadská.', 'D) Americká a francouzská.']",B
254,Co se stalo 17. listopadu 1939 na českém území?,"['A) Nacisté zavřeli vysoké školy.', 'B) Nacisté zcela zničili obec Lidice.', 'C) Armády zemí Varšavské smlouvy obsadily Československo.', 'D) Americká a sovětská armáda osvobodily území Československa.']",A
255,Kdo se stal prvním československým prezidentem v roce 1918?,"['A) T. G. Masaryk.', 'B) Edvard Beneš.', 'C) Karel Kramář.', 'D) Alois Rašín.']",A
256,"Jak se jmenoval zastupující říšský protektor, na kterého spáchali Gabčík a Kubiš v roce 1942 v Praze atentát?","['A) K. H. Frank.', 'B) Joseph Goebbels.', 'C) Hermann Göring.', 'D) Reinhard Heydrich.']",D
257,Který den si Česká republika připomíná konec druhé světové války - Den vítězství?,"['A) 6. července.', 'B) 8. května.', 'C) 28. října.', 'D) 28. září.']",B
258,Která historická událost předcházela vzniku Československa v roce 1918?,"['A) Sametová revoluce.', 'B) První světová válka.', 'C) Druhá světová válka.', 'D) Světová hospodářská krize.']",B
259,Kdy vznikl samostatný československý stát?,"['A) 29. září 1938.', 'B) 1. ledna 1993.', 'C) 28. října 1918.', 'D) 8. května 1945.']",C
260,"Kdo se stal československým prezidentem v roce 1948 poté, co komunistická strana převzala moc ve státě?","['A) Edvard Beneš.', 'B) Klement Gottwald.', 'C) Antonín Zápotocký.', 'D) Tomáš Garrigue Masaryk.']",B
261,"Jak se jmenoval student, který se upálil v lednu 1969 v Praze na Václavském náměstí?","['A) Jan Palach.', 'B) Jan Opletal.', 'C) Martin Šmíd.', 'D) Václav Sedláček.']",A
262,Jak dlouho trvala totalitní vláda Komunistické strany Československa?,"['A) Přibližně 10 let.', 'B) Přibližně 20 let.', 'C) Přibližně 30 let.', 'D) Přibližně 40 let.']",D
263,"Jak se jmenoval dokument, kterým někteří občané v 70. letech 20. století protestovali proti komunistickému režimu?","['A) Poučení z krizového vývoje.', 'B) Několik vět.', 'C) 2 000 slov.', 'D) Charta 77.']",D
264,Která významná událost české historie se stala 21. srpna 1968?,"['A) Začala okupace Československa vojsky Varšavské smlouvy.', 'B) Z Československa se stala federativní republika.', 'C) Na protest proti okupaci se upálil Jan Palach.', 'D) Vznikl samostatný český a slovenský stát.']",A
265,Kdy začala v Československu sametová revoluce?,"['A) 8. května 1945.', 'B) 25. února 1948.', 'C) 17. listopadu 1939.', 'D) 17. listopadu 1989.']",D
266,"Rok 1989 byl rokem velkých společenských změn. Václav Havel byl ještě v prvních měsících roku 1989 z politických důvodů ve vězení, ale na konci roku 1989 byl zvolen do významné politické funkce. Která funkce to byla?","['A) Předseda vlády.', 'B) Prezident republiky.', 'C) Ministr zahraničních věcí.', 'D) Předseda Národního shromáždění.']",B
267,Jaký program měla protikomunistická občanská iniciativa Charta 77?,"['A) Ozbrojený boj.', 'B) Uměleckou tvorbu.', 'C) Ochranu lidských práv.', 'D) Vydávání české literatury v zahraničí.']",C
268,V letech 1949 až 1961 někteří odpůrci komunistického režimu pracovali jako političtí vězni v uranových dolech. U kterého z těchto měst byly uranové doly?,"['A) Břeclav.', 'B) Znojmo.', 'C) Příbram.', 'D) Litoměřice.']",C
269,Jak se jmenovala česká politička odsouzená v roce 1950 v politickém procesu k trestu smrti?,"['A) Marie Majerová.', 'B) Zdena Mašínová.', 'C) Milada Horáková.', 'D) Marta Gottwaldová.']",C
270,Kdy vznikla samostatná Česká republika?,"['A) 1. ledna 1993.', 'B) 28. října 1918.', 'C) 8. května 1945.', 'D) 17. listopadu 1989.']",A
271,Česká republika je od roku 1999 členem NATO. K čemu tato organizace slouží?,"['A) K vědecké spolupráci.', 'B) K vojenské spolupráci.', 'C) K rozvojové spolupráci.', 'D) K ekonomické spolupráci.']",B
272,Kdy Česká republika vstoupila do Evropské unie?,"['A) V roce 1989.', 'B) V roce 1993.', 'C) V roce 1999.', 'D) V roce  2004.']",D
273,Které dva státy vznikly po rozpadu Československa v roce 1993?,"['A) Čechy a Morava.', 'B) Česká republika a Slovenská republika.', 'C) Protektorát Čechy a Morava a Slovenská republika.', 'D) Česká socialistická republika a Slovenská socialistická republika.']",B
274,Kdy se v České republice slaví Den boje za svobodu a demokracii?,"['A) 28. října.', 'B) 8. května.', 'C) 6. července.', 'D) 17. listopadu.']",D
275,Kterou z těchto funkcí vykonával Václav Havel?,"['A) Funkci předsedy vlády.', 'B) Funkci předsedy Senátu.', 'C) Funkci prezidenta republiky.', 'D) Funkci předsedy Poslanecké sněmovny.']",C
276,Který den se slaví státní svátek Den obnovy samostatného českého státu?,"['A) 28. září.', 'B) 1. ledna.', 'C) 28. října.', 'D) 17. listopadu.']",B
277,Kdo se stal českým prezidentem po Václavu Havlovi v roce 2003?,"['A) Jan Švejnar.', 'B) Václav Klaus.', 'C) Miloš Zeman.', 'D) Vladimír Špidla.']",B
278,Kdo se stal českým prezidentem po Miloši Zemanovi v roce 2023?,"['A) Petr Fiala.', 'B) Petr Pavel.', 'C) Andrej Babiš.', 'D) Miloš Vystrčil.']",B
279,"Kdy odešli z území Československa poslední sovětští vojáci, jejichž armáda obsadila Československo v roce 1968?","['A) V roce 1989.', 'B) V roce 1991.', 'C) V roce 1993.', 'D) V roce 2004.']",B
280,Které z těchto hudebních děl složil Antonín Dvořák?,"['A) Má vlast.', 'B) Z Nového světa.', 'C) Prodaná nevěsta.', 'D) Česká mše vánoční.']",B
281,Jak se jmenuje hlavní postava nejznámějšího románu Jaroslava Haška?,"['A) Markéta Lazarová.', 'B) Josef Švejk.', 'C) Babička.', 'D) Josef K.']",B
282,Který český spisovatel získal Nobelovu cenu za literaturu?,"['A) Franz Kafka.', 'B) Jaroslav Hašek.', 'C) Jaroslav Seifert.', 'D) Bohumil Hrabal.']",C
283,Který slavný český režisér žil v USA a dostal dvě filmové ceny Oscar?,"['A) Jan Svěrák.', 'B) Jiří Menzel.', 'C) Jan Hřebejk.', 'D) Miloš Forman.']",D
284,Mendelova univerzita v Brně se jmenuje po Gregoru Johannu Mendelovi. Čím se tento muž zabýval?,"['A) Architekturou.', 'B) Klasickou hudbou.', 'C) Historií a politikou.', 'D) Pokusy s rostlinami']",D
285,Které slovo jako první na světě použil český spisovatel Karel Čapek ve svém dramatu R.U.R.?,"['A) Supernova.', 'B) Astronaut.', 'C) Skafandr.', 'D) Robot.']",D
286,Jak se jmenoval český podnikatel a zakladatel významné strojírenské firmy v Plzni?,"['A) Emil Škoda.', 'B) Tomáš Baťa.', 'C) Emil Kolben.', 'D) Václav Laurin.']",A
287,Co vynalezl český chemik Otto Wichterle?,"['A) Benzin.', 'B) Lék penicilin.', 'C) Plastickou trhavinu', 'D) Měkké kontaktní čočky.']",D
288,"Jak se jmenuje literární dílo, které napsal Karel Hynek Mácha?","['A) Máj.', 'B) Babička.', 'C) F. L. Věk.', 'D) Povídky malostranské.']",A
289,Ve kterém sportovním odvětví se proslavil Emil Zátopek?,"['A) V lehké atletice.', 'B) V cyklistice.', 'C) Ve fotbale.', 'D) V hokeji.']",A
290,"Na kterém obrázku je Český Krumlov, město plné významných památek?",['A)'],A
291,Na kterém obrázku jsou Pražský hrad s gotickým Chrámem svatého Víta – symboly české státnosti?,['A)'],A
292,Na kterém obrázku je Národní divadlo v Praze?,['A)'],B
293,"Na kterém obrázku je hrad Karlštejn, který založil Karel IV.?",['A)'],C
294,Na kterém obrázku je Petřínská rozhledna v Praze?,['A)'],B
295,Na obrázku je česká památka zapsaná v UNESCO. Jak se tato památka jmenuje?,"['A) Zámek Litomyšl.', 'B) Zámek Český Krumlov.', 'C) Chrám sv. Barbory v Kutné Hoře.', 'D) Kostel sv. Jana Nepomuckého na Zelené hoře.']",D
296,Koho představuje tato socha na pražském Vítkově?,"['A) Jana Žižku.', 'B) Miroslava Tyrše.', 'C) Jiřího z Poděbrad.', 'D) Tomáše Garrigua Masaryka.']",A
297,Vila Tugendhat (na obrázku) je na seznamu světového a kulturního dědictví UNESCO. Kde se nachází?,"['A) V Olomouci.', 'B) V Liberci.', 'C) V Praze.', 'D) V Brně.']",D
298,Orloj jsou středověké hodiny na věži. Na kterém obrázku je Pražský orloj?,['A)'],C
299,Na obrázku je známá pražská budova ve stylu secese. K čemu slouží tato budova?,"['A) Je to banka.', 'B) Je to letiště.', 'C) Je to nádraží.', 'D) Je to parlament.']",C
